{"photo1.jpg": [[220.82313537597656, 526.185302734375, 408.7579650878906, 574.4207763671875, 0.8656162023544312, 0]], 
"photo10.jpg": [[187.12081909179688, 503.15374755859375, 380.2312927246094, 557.8453979492188, 0.8422228097915649, 0]], 
"photo2.jpg": [[195.729248046875, 364.9397888183594, 400.41632080078125, 422.16558837890625, 0.8645929098129272, 0]], 
"photo3.jpg": [[285.92291259765625, 495.9466552734375, 541.8240966796875, 563.0941162109375, 0.8666706085205078, 0]], 
"photo4.jpg": [[266.7884826660156, 442.8551330566406, 493.459228515625, 497.31024169921875, 0.8684262037277222, 0]], 
"photo5.jpg": [[217.98919677734375, 555.912109375, 443.51287841796875, 627.9854125976562, 0.8547523617744446, 0]],
"photo6.jpg": [[311.4024353027344, 455.6242980957031, 476.3362731933594, 502.15277099609375, 0.7461889386177063, 0],[316.8123779296875, 460.8088684082031, 475.95648193359375, 494.5280456542969, 0.3606790006160736, 0]], 
"photo7.jpg": [[216.9774627685547, 438.6742248535156, 407.9822998046875, 502.4796142578125, 0.9033002257347107, 0]],
"photo8.jpg": [[201.18136596679688, 453.8329162597656, 423.150390625, 555.8380737304688, 0.8583425283432007, 0]], 
"photo9.jpg": [[309.1598815917969, 420.09747314453125, 504.8038024902344, 461.195556640625, 0.7705456614494324, 0]]}